experiment,arm,estimator_family,m,n,d,L,T_per_seed,rmse_raw,rmse_clip,rmse_tpm,dRMSE_clip_pct,dRMSE_tpm_pct,ci_clip_lo,ci_clip_hi,ci_tpm_lo,ci_tpm_hi,z_clip,z_tpm,bind_rate,a_std,clip_worse_than_raw
exp1,ideal-prng,ideal,1024,2000,1.0,2000,,0.033047,0.021606,0.030489,34.622,7.742,,,,,-24.318,-5.75,0.5223,,False
exp1,ideal-prng,ideal,1024,2000,1.02,2040,,0.032094,0.023789,0.023377,25.877,27.159,,,,,-20.08,-18.74,0.2823,,False
exp1,ideal-prng,ideal,1024,2000,1.1,2200,,0.032418,0.032331,0.030124,0.269,7.075,,,,,-2.32,-16.394,0.003,,False
exp1,ideal-prng,ideal,1024,2000,2.0,4000,,0.032504,0.032504,0.032611,0.0,-0.329,,,,,0.0,5.485,0.0,,False
exp1,ideal-prng,ideal,1024,8000,1.0,8000,,0.030025,0.021222,0.030531,29.32,-1.686,,,,,-24.008,1.439,0.4947,,False
exp1,ideal-prng,ideal,1024,8000,1.02,8160,,0.030276,0.023526,0.023542,22.294,22.24,,,,,-19.25,-16.72,0.2547,,False
exp1,ideal-prng,ideal,1024,8000,1.1,8800,,0.030243,0.030206,0.028384,0.121,6.145,,,,,-1.229,-16.435,0.001,,False
exp1,ideal-prng,ideal,1024,8000,2.0,16000,,0.031379,0.031379,0.031412,0.0,-0.106,,,,,0.0,1.713,0.0,,False
exp1,ideal-prng,ideal,1024,32000,1.0,32000,,0.032472,0.022549,0.031285,30.559,3.656,,,,,-23.985,-2.992,0.4827,,False
exp1,ideal-prng,ideal,1024,32000,1.02,32640,,0.031665,0.024798,0.024666,21.688,22.103,,,,,-18.378,-16.63,0.266,,False
exp1,ideal-prng,ideal,1024,32000,1.1,35200,,0.031865,0.03184,0.029874,0.079,6.25,,,,,-1.602,-17.07,0.0013,,False
exp1,ideal-prng,ideal,1024,32000,2.0,64000,,0.032515,0.032515,0.032583,0.0,-0.207,,,,,0.0,3.472,0.0,,False
exp1,words-xxh64,classic-FFGM,1024,2000,1.0,2000,,0.032205,0.022181,0.031022,31.127,3.675,,,,,-23.426,-2.905,0.5057,,False
exp1,words-xxh64,classic-FFGM,1024,2000,1.02,2040,,0.032641,0.024249,0.023921,25.712,26.715,,,,,-20.348,-18.832,0.276,,False
exp1,words-xxh64,classic-FFGM,1024,2000,1.1,2200,,0.032637,0.03256,0.03029,0.236,7.19,,,,,-1.651,-17.061,0.0017,,False
exp1,words-xxh64,classic-FFGM,1024,2000,2.0,4000,,0.032898,0.032898,0.032981,0.0,-0.251,,,,,0.0,4.244,0.0,,False
exp1,words-xxh64,classic-FFGM,1024,8000,1.0,8000,,0.030815,0.019702,0.029343,36.065,4.778,,,,,-23.823,-3.397,0.5237,,False
exp1,words-xxh64,classic-FFGM,1024,8000,1.02,8160,,0.031429,0.02361,0.023313,24.878,25.822,,,,,-20.392,-18.581,0.278,,False
exp1,words-xxh64,classic-FFGM,1024,8000,1.1,8800,,0.030699,0.030646,0.028545,0.173,7.017,,,,,-1.791,-16.32,0.0017,,False
exp1,words-xxh64,classic-FFGM,1024,8000,2.0,16000,,0.030526,0.030526,0.030657,0.0,-0.429,,,,,0.0,6.722,0.0,,False
exp1,words-xxh64,classic-FFGM,1024,32000,1.0,32000,,0.030756,0.020543,0.030013,33.208,2.418,,,,,-24.055,-1.856,0.4993,,False
exp1,words-xxh64,classic-FFGM,1024,32000,1.02,32640,,0.030485,0.02363,0.02368,22.487,22.321,,,,,-20.257,-17.333,0.2557,,False
exp1,words-xxh64,classic-FFGM,1024,32000,1.1,35200,,0.030266,0.03023,0.028339,0.119,6.369,,,,,-1.219,-16.957,0.0007,,False
exp1,words-xxh64,classic-FFGM,1024,32000,2.0,64000,,0.031676,0.031676,0.031798,0.0,-0.386,,,,,0.0,6.273,0.0,,False
exp1,words-mmh3,classic-FFGM,1024,2000,1.0,2000,,0.032478,0.021652,0.03055,33.335,5.936,,,,,-23.682,-4.464,0.5233,,False
exp1,words-mmh3,classic-FFGM,1024,2000,1.02,2040,,0.032389,0.024295,0.024059,24.99,25.718,,,,,-17.574,-16.504,0.2713,,False
exp1,words-mmh3,classic-FFGM,1024,2000,1.1,2200,,0.032409,0.032398,0.030034,0.034,7.327,,,,,-1.484,-18.138,0.001,,False
exp1,words-mmh3,classic-FFGM,1024,2000,2.0,4000,,0.032074,0.032074,0.032176,0.0,-0.319,,,,,0.0,5.259,0.0,,False
exp1,words-mmh3,classic-FFGM,1024,8000,1.0,8000,,0.030602,0.021469,0.030707,29.844,-0.343,,,,,-22.739,0.276,0.489,,False
exp1,words-mmh3,classic-FFGM,1024,8000,1.02,8160,,0.03058,0.024111,0.024247,21.152,20.71,,,,,-17.531,-15.255,0.2373,,False
exp1,words-mmh3,classic-FFGM,1024,8000,1.1,8800,,0.029584,0.029537,0.027869,0.159,5.796,,,,,-1.311,-15.28,0.001,,False
exp1,words-mmh3,classic-FFGM,1024,8000,2.0,16000,,0.030124,0.030124,0.030178,0.0,-0.179,,,,,0.0,2.772,0.0,,False
exp1,words-mmh3,classic-FFGM,1024,32000,1.0,32000,,0.032187,0.025184,0.033402,21.758,-3.776,,,,,-21.226,3.754,0.4317,,False
exp1,words-mmh3,classic-FFGM,1024,32000,1.02,32640,,0.031384,0.026749,0.026973,14.77,14.057,,,,,-17.988,-14.454,0.229,,False
exp1,words-mmh3,classic-FFGM,1024,32000,1.1,35200,,0.031932,0.031932,0.030306,0.0,5.09,,,,,0.0,-18.371,0.0,,False
exp1,words-mmh3,classic-FFGM,1024,32000,2.0,64000,,0.030582,0.030582,0.030486,0.0,0.314,,,,,0.0,-5.04,0.0,,False
exp1,words-sha256,classic-FFGM,1024,2000,1.0,2000,,0.032316,0.021847,0.030775,32.396,4.769,,,,,-23.23,-3.616,0.515,,False
exp1,words-sha256,classic-FFGM,1024,2000,1.02,2040,,0.032219,0.024067,0.023816,25.301,26.081,,,,,-19.655,-18.104,0.274,,False
exp1,words-sha256,classic-FFGM,1024,2000,1.1,2200,,0.032642,0.032446,0.030324,0.6,7.099,,,,,-2.555,-13.767,0.0033,,False
exp1,words-sha256,classic-FFGM,1024,2000,2.0,4000,,0.032179,0.032179,0.032301,0.0,-0.378,,,,,0.0,6.229,0.0,,False
exp1,words-sha256,classic-FFGM,1024,8000,1.0,8000,,0.030561,0.021914,0.031002,28.295,-1.443,,,,,-23.291,1.238,0.476,,False
exp1,words-sha256,classic-FFGM,1024,8000,1.02,8160,,0.03044,0.02422,0.024322,20.434,20.099,,,,,-18.522,-15.866,0.25,,False
exp1,words-sha256,classic-FFGM,1024,8000,1.1,8800,,0.03033,0.030298,0.02852,0.106,5.968,,,,,-1.594,-16.318,0.001,,False
exp1,words-sha256,classic-FFGM,1024,8000,2.0,16000,,0.030577,0.030577,0.030602,0.0,-0.08,,,,,0.0,1.265,0.0,,False
exp1,words-sha256,classic-FFGM,1024,32000,1.0,32000,,0.031117,0.021291,0.030471,31.578,2.076,,,,,-24.28,-1.674,0.5037,,False
exp1,words-sha256,classic-FFGM,1024,32000,1.02,32640,,0.032222,0.025189,0.024966,21.826,22.517,,,,,-19.284,-17.558,0.275,,False
exp1,words-sha256,classic-FFGM,1024,32000,1.1,35200,,0.031495,0.031393,0.029358,0.326,6.786,,,,,-1.886,-15.029,0.002,,False
exp1,words-sha256,classic-FFGM,1024,32000,2.0,64000,,0.030874,0.030874,0.030935,0.0,-0.195,,,,,0.0,3.098,0.0,,False
exp1,urls-xxh64,classic-FFGM,1024,2000,1.0,2000,,0.032446,0.021728,0.030631,33.035,5.595,,,,,-23.425,-4.202,0.5197,,False
exp1,urls-xxh64,classic-FFGM,1024,2000,1.02,2040,,0.033228,0.024603,0.024254,25.956,27.007,,,,,-20.555,-19.115,0.277,,False
exp1,urls-xxh64,classic-FFGM,1024,2000,1.1,2200,,0.033021,0.032878,0.030394,0.434,7.958,,,,,-2.023,-15.181,0.003,,False
exp1,urls-xxh64,classic-FFGM,1024,2000,2.0,4000,,0.033057,0.033057,0.033174,0.0,-0.355,,,,,0.0,6.029,0.0,,False
exp1,urls-xxh64,classic-FFGM,1024,8000,1.0,8000,,0.030287,0.021501,0.030767,29.007,-1.585,,,,,-23.426,1.337,0.4843,,False
exp1,urls-xxh64,classic-FFGM,1024,8000,1.02,8160,,0.031358,0.024623,0.024743,21.479,21.096,,,,,-18.591,-16.145,0.2463,,False
exp1,urls-xxh64,classic-FFGM,1024,8000,1.1,8800,,0.030039,0.030036,0.028268,0.012,5.896,,,,,-1.0,-17.674,0.0003,,False
exp1,urls-xxh64,classic-FFGM,1024,8000,2.0,16000,,0.030537,0.030537,0.030565,0.0,-0.094,,,,,0.0,1.476,0.0,,False
exp1,urls-xxh64,classic-FFGM,1024,32000,1.0,32000,,0.030538,0.019848,0.029487,35.004,3.441,,,,,-24.759,-2.591,0.5203,,False
exp1,urls-xxh64,classic-FFGM,1024,32000,1.02,32640,,0.031387,0.023369,0.022928,25.545,26.953,,,,,-20.469,-18.976,0.2863,,False
exp1,urls-xxh64,classic-FFGM,1024,32000,1.1,35200,,0.031068,0.031031,0.028751,0.118,7.456,,,,,-1.775,-16.542,0.002,,False
exp1,urls-xxh64,classic-FFGM,1024,32000,2.0,64000,,0.031474,0.031474,0.031594,0.0,-0.381,,,,,0.0,6.169,0.0,,False
exp1,urls-mmh3,classic-FFGM,1024,2000,1.0,2000,,0.032998,0.022529,0.031161,31.728,5.568,,,,,-23.673,-4.359,0.5127,,False
exp1,urls-mmh3,classic-FFGM,1024,2000,1.02,2040,,0.033099,0.024992,0.024722,24.492,25.309,,,,,-19.486,-18.079,0.2757,,False
exp1,urls-mmh3,classic-FFGM,1024,2000,1.1,2200,,0.032155,0.032105,0.030055,0.154,6.529,,,,,-1.839,-16.926,0.0017,,False
exp1,urls-mmh3,classic-FFGM,1024,2000,2.0,4000,,0.033014,0.033014,0.033113,0.0,-0.301,,,,,0.0,5.091,0.0,,False
exp1,urls-mmh3,classic-FFGM,1024,8000,1.0,8000,,0.030807,0.021458,0.030681,30.348,0.411,,,,,-22.786,-0.326,0.4867,,False
exp1,urls-mmh3,classic-FFGM,1024,8000,1.02,8160,,0.030038,0.023762,0.023853,20.891,20.591,,,,,-18.671,-15.969,0.2477,,False
exp1,urls-mmh3,classic-FFGM,1024,8000,1.1,8800,,0.030078,0.030046,0.028265,0.109,6.028,,,,,-1.364,-16.479,0.0007,,False
exp1,urls-mmh3,classic-FFGM,1024,8000,2.0,16000,,0.030188,0.030188,0.030196,0.0,-0.029,,,,,0.0,0.452,0.0,,False
exp1,urls-mmh3,classic-FFGM,1024,32000,1.0,32000,,0.031564,0.023579,0.032219,25.3,-2.073,,,,,-22.049,1.867,0.4577,,False
exp1,urls-mmh3,classic-FFGM,1024,32000,1.02,32640,,0.031092,0.025609,0.025917,17.633,16.644,,,,,-18.5,-15.011,0.2317,,False
exp1,urls-mmh3,classic-FFGM,1024,32000,1.1,35200,,0.030821,0.030785,0.02901,0.117,5.876,,,,,-1.53,-15.191,0.0017,,False
exp1,urls-mmh3,classic-FFGM,1024,32000,2.0,64000,,0.030975,0.030975,0.030931,0.0,0.143,,,,,0.0,-2.293,0.0,,False
exp1,urls-sha256,classic-FFGM,1024,2000,1.0,2000,,0.032544,0.02192,0.030784,32.645,5.407,,,,,-24.186,-4.211,0.5067,,False
exp1,urls-sha256,classic-FFGM,1024,2000,1.02,2040,,0.032227,0.024402,0.024145,24.28,25.078,,,,,-20.171,-18.427,0.2713,,False
exp1,urls-sha256,classic-FFGM,1024,2000,1.1,2200,,0.032491,0.032439,0.030197,0.159,7.06,,,,,-1.837,-17.459,0.0013,,False
exp1,urls-sha256,classic-FFGM,1024,2000,2.0,4000,,0.031827,0.031827,0.031913,0.0,-0.271,,,,,0.0,4.429,0.0,,False
exp1,urls-sha256,classic-FFGM,1024,8000,1.0,8000,,0.030493,0.020707,0.030187,32.091,1.003,,,,,-22.81,-0.76,0.496,,False
exp1,urls-sha256,classic-FFGM,1024,8000,1.02,8160,,0.03099,0.024056,0.023862,22.376,23.002,,,,,-20.033,-17.849,0.274,,False
exp1,urls-sha256,classic-FFGM,1024,8000,1.1,8800,,0.030198,0.030171,0.028171,0.09,6.711,,,,,-1.876,-15.931,0.0017,,False
exp1,urls-sha256,classic-FFGM,1024,8000,2.0,16000,,0.030548,0.030548,0.030617,0.0,-0.223,,,,,0.0,3.5,0.0,,False
exp1,urls-sha256,classic-FFGM,1024,32000,1.0,32000,,0.030686,0.022696,0.03166,26.038,-3.174,,,,,-22.908,2.878,0.456,,False
exp1,urls-sha256,classic-FFGM,1024,32000,1.02,32640,,0.031017,0.025323,0.025512,18.358,17.748,,,,,-18.231,-15.277,0.2453,,False
exp1,urls-sha256,classic-FFGM,1024,32000,1.1,35200,,0.030814,0.030771,0.02902,0.139,5.821,,,,,-1.554,-15.58,0.001,,False
exp1,urls-sha256,classic-FFGM,1024,32000,2.0,64000,,0.030935,0.030935,0.030904,0.0,0.099,,,,,0.0,-1.582,0.0,,False
exp1,ints-xxh64,classic-FFGM,1024,2000,1.0,2000,,0.031834,0.021124,0.030314,33.641,4.773,,,,,-22.594,-3.431,0.504,,False
exp1,ints-xxh64,classic-FFGM,1024,2000,1.02,2040,,0.032344,0.024483,0.024035,24.303,25.691,,,,,-20.041,-18.757,0.2827,,False
exp1,ints-xxh64,classic-FFGM,1024,2000,1.1,2200,,0.032558,0.032511,0.030111,0.146,7.515,,,,,-2.225,-17.136,0.0023,,False
exp1,ints-xxh64,classic-FFGM,1024,2000,2.0,4000,,0.032501,0.032501,0.032606,0.0,-0.322,,,,,0.0,5.372,0.0,,False
exp1,ints-xxh64,classic-FFGM,1024,8000,1.0,8000,,0.030457,0.023068,0.031978,24.259,-4.995,,,,,-22.064,4.674,0.4483,,False
exp1,ints-xxh64,classic-FFGM,1024,8000,1.02,8160,,0.029998,0.025107,0.025713,16.305,14.285,,,,,-15.832,-12.184,0.207,,False
exp1,ints-xxh64,classic-FFGM,1024,8000,1.1,8800,,0.030495,0.030443,0.028889,0.17,5.264,,,,,-1.742,-15.1,0.0013,,False
exp1,ints-xxh64,classic-FFGM,1024,8000,2.0,16000,,0.029763,0.029763,0.029705,0.0,0.195,,,,,0.0,-3.019,0.0,,False
exp1,ints-xxh64,classic-FFGM,1024,32000,1.0,32000,,0.032695,0.026117,0.034134,20.12,-4.403,,,,,-20.105,4.476,0.408,,False
exp1,ints-xxh64,classic-FFGM,1024,32000,1.02,32640,,0.032485,0.028421,0.028919,12.51,10.979,,,,,-16.99,-12.639,0.2007,,False
exp1,ints-xxh64,classic-FFGM,1024,32000,1.1,35200,,0.031726,0.031723,0.030367,0.011,4.285,,,,,-1.0,-17.941,0.0003,,False
exp1,ints-xxh64,classic-FFGM,1024,32000,2.0,64000,,0.031926,0.031926,0.031717,0.0,0.653,,,,,0.0,-11.185,0.0,,False
exp1,ints-mmh3,classic-FFGM,1024,2000,1.0,2000,,0.031639,0.020586,0.029941,34.934,5.367,,,,,-23.958,-3.925,0.5247,,False
exp1,ints-mmh3,classic-FFGM,1024,2000,1.02,2040,,0.032254,0.02476,0.024526,23.233,23.96,,,,,-20.582,-18.584,0.272,,False
exp1,ints-mmh3,classic-FFGM,1024,2000,1.1,2200,,0.032979,0.032826,0.030471,0.466,7.605,,,,,-2.627,-15.391,0.0033,,False
exp1,ints-mmh3,classic-FFGM,1024,2000,2.0,4000,,0.032467,0.032467,0.032564,0.0,-0.298,,,,,0.0,4.974,0.0,,False
exp1,ints-mmh3,classic-FFGM,1024,8000,1.0,8000,,0.030188,0.021862,0.03107,27.579,-2.922,,,,,-23.095,2.544,0.4723,,False
exp1,ints-mmh3,classic-FFGM,1024,8000,1.02,8160,,0.03056,0.024263,0.024444,20.605,20.013,,,,,-19.337,-16.216,0.242,,False
exp1,ints-mmh3,classic-FFGM,1024,8000,1.1,8800,,0.030304,0.030259,0.028404,0.148,6.269,,,,,-1.366,-15.627,0.001,,False
exp1,ints-mmh3,classic-FFGM,1024,8000,2.0,16000,,0.030258,0.030258,0.030278,0.0,-0.068,,,,,0.0,1.057,0.0,,False
exp1,ints-mmh3,classic-FFGM,1024,32000,1.0,32000,,0.032088,0.022219,0.031033,30.757,3.287,,,,,-24.106,-2.691,0.489,,False
exp1,ints-mmh3,classic-FFGM,1024,32000,1.02,32640,,0.030877,0.024432,0.024384,20.873,21.029,,,,,-19.61,-17.053,0.262,,False
exp1,ints-mmh3,classic-FFGM,1024,32000,1.1,35200,,0.031508,0.03147,0.029338,0.12,6.886,,,,,-1.867,-17.485,0.0013,,False
exp1,ints-mmh3,classic-FFGM,1024,32000,2.0,64000,,0.031757,0.031757,0.031825,0.0,-0.215,,,,,0.0,3.498,0.0,,False
exp1,ints-sha256,classic-FFGM,1024,2000,1.0,2000,,0.033044,0.022282,0.030944,32.569,6.357,,,,,-25.577,-5.188,0.514,,False
exp1,ints-sha256,classic-FFGM,1024,2000,1.02,2040,,0.032603,0.024382,0.0241,25.217,26.08,,,,,-19.267,-17.912,0.2763,,False
exp1,ints-sha256,classic-FFGM,1024,2000,1.1,2200,,0.032096,0.031971,0.029841,0.39,7.026,,,,,-1.817,-14.744,0.002,,False
exp1,ints-sha256,classic-FFGM,1024,2000,2.0,4000,,0.03244,0.03244,0.032535,0.0,-0.293,,,,,0.0,4.879,0.0,,False
exp1,ints-sha256,classic-FFGM,1024,8000,1.0,8000,,0.030109,0.019602,0.02937,34.895,2.456,,,,,-24.684,-1.853,0.5163,,False
exp1,ints-sha256,classic-FFGM,1024,8000,1.02,8160,,0.030739,0.023545,0.02316,23.403,24.656,,,,,-20.235,-18.47,0.277,,False
exp1,ints-sha256,classic-FFGM,1024,8000,1.1,8800,,0.030326,0.030279,0.028264,0.154,6.8,,,,,-1.979,-16.528,0.0013,,False
exp1,ints-sha256,classic-FFGM,1024,8000,2.0,16000,,0.030426,0.030426,0.030542,0.0,-0.381,,,,,0.0,5.937,0.0,,False
exp1,ints-sha256,classic-FFGM,1024,32000,1.0,32000,,0.032348,0.019611,0.029018,39.376,10.293,,,,,-25.786,-7.222,0.5577,,False
exp1,ints-sha256,classic-FFGM,1024,32000,1.02,32640,,0.031635,0.022924,0.022225,27.536,29.747,,,,,-22.025,-20.726,0.307,,False
exp1,ints-sha256,classic-FFGM,1024,32000,1.1,35200,,0.032001,0.031929,0.029471,0.224,7.906,,,,,-1.235,-16.607,0.0013,,False
exp1,ints-sha256,classic-FFGM,1024,32000,2.0,64000,,0.031802,0.031802,0.032032,0.0,-0.722,,,,,0.0,11.905,0.0,,False
exp2,xxh64-ints,HLL++,1024,51,1.0,51,,0.022995,0.01833,0.028915,20.287,-25.748,,,,,-25.652,27.469,0.64,,False
exp2,xxh64-ints,HLL++,1024,51,1.02,52,,0.022122,0.020154,0.020341,8.896,8.053,,,,,-25.226,-7.64,0.298,,False
exp2,xxh64-ints,HLL++,1024,51,1.1,56,,0.022267,0.022267,0.021703,0.0,2.535,,,,,0.0,-30.806,0.0,,False
exp2,xxh64-ints,HLL++,1024,102,1.0,102,,0.022645,0.016535,0.028029,26.982,-23.773,,,,,-20.639,17.949,0.462,,False
exp2,xxh64-ints,HLL++,1024,102,1.02,104,,0.022823,0.020125,0.020983,11.819,8.06,,,,,-12.883,-5.856,0.2553,,False
exp2,xxh64-ints,HLL++,1024,102,1.1,112,,0.022858,0.022858,0.022009,0.0,3.715,,,,,0.0,-20.309,0.0,,False
exp2,xxh64-ints,HLL++,1024,256,1.0,256,,0.023328,0.016754,0.0283,28.181,-21.311,,,,,-17.231,13.709,0.5087,,False
exp2,xxh64-ints,HLL++,1024,256,1.02,261,,0.023478,0.019813,0.020765,15.611,11.559,,,,,-12.23,-6.959,0.1947,,False
exp2,xxh64-ints,HLL++,1024,256,1.1,282,,0.022963,0.022963,0.022023,0.0,4.094,,,,,0.0,-13.472,0.0,,False
exp2,xxh64-ints,HLL++,1024,512,1.0,512,,0.024327,0.017274,0.028621,28.994,-17.65,,,,,-16.599,10.743,0.5073,,False
exp2,xxh64-ints,HLL++,1024,512,1.02,522,,0.023833,0.019758,0.020591,17.098,13.602,,,,,-12.141,-7.661,0.228,,False
exp2,xxh64-ints,HLL++,1024,512,1.1,563,,0.024079,0.024079,0.022963,0.0,4.638,,,,,0.0,-12.937,0.0,,False
exp2,xxh64-ints,HLL++,1024,1024,1.0,1024,,0.024546,0.016698,0.028156,31.971,-14.705,,,,,-17.924,8.758,0.4967,,False
exp2,xxh64-ints,HLL++,1024,1024,1.02,1044,,0.024102,0.019892,0.020795,17.466,13.721,,,,,-12.515,-7.789,0.1887,,False
exp2,xxh64-ints,HLL++,1024,1024,1.1,1126,,0.02556,0.02556,0.024252,0.0,5.117,,,,,0.0,-12.739,0.0,,False
exp2,xxh64-ints,HLL++,1024,2048,1.0,2048,,0.026416,0.01781,0.028789,32.577,-8.986,,,,,-16.241,4.851,0.4867,,False
exp2,xxh64-ints,HLL++,1024,2048,1.02,2089,,0.025531,0.021006,0.021347,17.723,16.388,,,,,-13.146,-9.611,0.2187,,False
exp2,xxh64-ints,HLL++,1024,2048,1.1,2253,,0.026707,0.026707,0.025156,0.0,5.805,,,,,0.0,-12.282,0.0,,False
exp2,xxh64-ints,HLL++,1024,4096,1.0,4096,,0.028466,0.01939,0.029424,31.883,-3.368,,,,,-16.946,1.904,0.5027,,False
exp2,xxh64-ints,HLL++,1024,4096,1.02,4178,,0.028067,0.022444,0.02278,20.036,18.836,,,,,-13.678,-10.727,0.232,,False
exp2,xxh64-ints,HLL++,1024,4096,1.1,4506,,0.028888,0.028888,0.027057,0.0,6.338,,,,,0.0,-11.447,0.0,,False
exp2,xxh64-ints,HLL++,1024,8192,1.0,8192,,0.031249,0.023325,0.032005,25.357,-2.421,,,,,-16.098,1.581,0.4667,,False
exp2,xxh64-ints,HLL++,1024,8192,1.02,8356,,0.030444,0.02513,0.025421,17.455,16.499,,,,,-11.81,-9.785,0.226,,False
exp2,xxh64-ints,HLL++,1024,8192,1.1,9011,,0.031044,0.031044,0.029393,0.0,5.316,,,,,0.0,-13.515,0.0,,False
exp2,xxh64-ints,HLL++,1024,16384,1.0,16384,,0.030794,0.023424,0.032214,23.934,-4.609,,,,,-15.756,3.107,0.446,,False
exp2,xxh64-ints,HLL++,1024,16384,1.02,16712,,0.031854,0.026431,0.026843,17.025,15.73,,,,,-12.312,-9.978,0.2167,,False
exp2,xxh64-ints,HLL++,1024,16384,1.1,18022,,0.031533,0.031528,0.029959,0.014,4.991,,,,,-1.409,-12.069,0.0013,,False
exp2,xxh64-ints,HLL++,1024,32768,1.0,32768,,0.030906,0.02381,0.032565,22.96,-5.368,,,,,-14.677,3.538,0.4367,,False
exp2,xxh64-ints,HLL++,1024,32768,1.02,33423,,0.031262,0.026123,0.026516,16.438,15.181,,,,,-12.448,-9.943,0.2207,,False
exp2,xxh64-ints,HLL++,1024,32768,1.1,36045,,0.032558,0.032558,0.030754,0.0,5.54,,,,,0.0,-12.957,0.0,,False
exp2,xxh64-ints,HLL++,4096,205,1.0,205,,0.0107,0.008096,0.014209,24.34,-32.792,,,,,-20.598,26.482,0.5987,,False
exp2,xxh64-ints,HLL++,4096,205,1.02,209,,0.010822,0.010645,0.008422,1.634,22.181,,,,,-5.616,-16.934,0.0407,,False
exp2,xxh64-ints,HLL++,4096,205,1.1,226,,0.011036,0.011036,0.011061,0.0,-0.228,,,,,0.0,3.716,0.0,,False
exp2,xxh64-ints,HLL++,4096,410,1.0,410,,0.011475,0.008167,0.014152,28.824,-23.332,,,,,-20.505,16.595,0.48,,False
exp2,xxh64-ints,HLL++,4096,410,1.02,418,,0.011304,0.010975,0.009034,2.915,20.081,,,,,-5.708,-14.766,0.034,,False
exp2,xxh64-ints,HLL++,4096,410,1.1,451,,0.011013,0.011013,0.011024,0.0,-0.098,,,,,0.0,1.583,0.0,,False
exp2,xxh64-ints,HLL++,4096,1024,1.0,1024,,0.011286,0.007886,0.014046,30.121,-24.46,,,,,-18.298,15.609,0.4927,,False
exp2,xxh64-ints,HLL++,4096,1024,1.02,1044,,0.011146,0.01078,0.008816,3.287,20.91,,,,,-4.793,-14.17,0.0333,,False
exp2,xxh64-ints,HLL++,4096,1024,1.1,1126,,0.011918,0.011918,0.011929,0.0,-0.092,,,,,0.0,1.613,0.0,,False
exp2,xxh64-ints,HLL++,4096,2048,1.0,2048,,0.0118,0.008121,0.014161,31.182,-20.008,,,,,-18.495,12.452,0.502,,False
exp2,xxh64-ints,HLL++,4096,2048,1.02,2089,,0.011877,0.011351,0.009127,4.422,23.153,,,,,-6.397,-15.095,0.0467,,False
exp2,xxh64-ints,HLL++,4096,2048,1.1,2253,,0.012136,0.012136,0.012148,0.0,-0.096,,,,,0.0,1.708,0.0,,False
exp2,xxh64-ints,HLL++,4096,4096,1.0,4096,,0.01245,0.008941,0.014617,28.184,-17.399,,,,,-18.279,11.634,0.4767,,False
exp2,xxh64-ints,HLL++,4096,4096,1.02,4178,,0.012472,0.011987,0.009827,3.89,21.208,,,,,-4.923,-15.28,0.026,,False
exp2,xxh64-ints,HLL++,4096,4096,1.1,4506,,0.012381,0.012381,0.012391,0.0,-0.079,,,,,0.0,1.43,0.0,,False
exp2,xxh64-ints,HLL++,4096,8192,1.0,8192,,0.013052,0.009128,0.014662,30.059,-12.34,,,,,-17.41,7.518,0.4973,,False
exp2,xxh64-ints,HLL++,4096,8192,1.02,8356,,0.013214,0.012488,0.010442,5.497,20.981,,,,,-6.42,-14.146,0.0587,,False
exp2,xxh64-ints,HLL++,4096,8192,1.1,9011,,0.012691,0.012691,0.012685,0.0,0.041,,,,,0.0,-0.772,0.0,,False
exp2,xxh64-ints,HLL++,4096,16384,1.0,16384,,0.014129,0.009904,0.015059,29.907,-6.584,,,,,-15.878,3.731,0.4913,,False
exp2,xxh64-ints,HLL++,4096,16384,1.02,16712,,0.014608,0.013394,0.011152,8.315,23.659,,,,,-8.195,-15.012,0.0813,,False
exp2,xxh64-ints,HLL++,4096,16384,1.1,18022,,0.014296,0.014296,0.014298,0.0,-0.014,,,,,0.0,0.289,0.0,,False
exp2,xxh64-ints,HLL++,4096,32768,1.0,32768,,0.015653,0.011967,0.016388,23.546,-4.697,,,,,-16.887,3.393,0.4547,,False
exp2,xxh64-ints,HLL++,4096,32768,1.02,33423,,0.01555,0.014598,0.01276,6.119,17.943,,,,,-7.727,-14.309,0.0813,,False
exp2,xxh64-ints,HLL++,4096,32768,1.1,36045,,0.014915,0.014915,0.014887,0.0,0.188,,,,,0.0,-4.191,0.0,,False
exp2,xxh64-ints,HLL++,4096,65536,1.0,65536,,0.016166,0.012149,0.016471,24.85,-1.882,,,,,-15.283,1.197,0.466,,False
exp2,xxh64-ints,HLL++,4096,65536,1.02,66847,,0.015786,0.014644,0.012584,7.234,20.282,,,,,-8.92,-15.586,0.098,,False
exp2,xxh64-ints,HLL++,4096,65536,1.1,72090,,0.015163,0.015163,0.015137,0.0,0.175,,,,,0.0,-3.179,0.0,,False
exp2,xxh64-ints,HLL++,4096,131072,1.0,131072,,0.015895,0.011388,0.015916,28.356,-0.135,,,,,-16.088,0.08,0.4867,,False
exp2,xxh64-ints,HLL++,4096,131072,1.02,133693,,0.015904,0.014429,0.012137,9.273,23.688,,,,,-8.427,-15.089,0.0987,,False
exp2,xxh64-ints,HLL++,4096,131072,1.1,144179,,0.015812,0.015812,0.015807,0.0,0.03,,,,,0.0,-0.71,0.0,,False
exp2,xxh64-ints,HLL++,16384,819,1.0,819,,0.005419,0.003979,0.007074,26.567,-30.541,,,,,-17.765,20.96,0.532,,False
exp2,xxh64-ints,HLL++,16384,819,1.02,835,,0.005425,0.005425,0.004992,0.0,7.992,,,,,0.0,-15.96,0.0,,False
exp2,xxh64-ints,HLL++,16384,819,1.1,901,,0.005647,0.005647,0.005646,0.0,0.002,,,,,0.0,-0.056,0.0,,False
exp2,xxh64-ints,HLL++,16384,1638,1.0,1638,,0.00563,0.003989,0.007058,29.149,-25.356,,,,,-17.979,16.306,0.5087,,False
exp2,xxh64-ints,HLL++,16384,1638,1.02,1671,,0.0056,0.0056,0.00518,0.0,7.513,,,,,0.0,-15.51,0.0,,False
exp2,xxh64-ints,HLL++,16384,1638,1.1,1802,,0.005505,0.005505,0.005506,0.0,-0.027,,,,,0.0,0.868,0.0,,False
exp2,xxh64-ints,HLL++,16384,4096,1.0,4096,,0.005813,0.003925,0.006968,32.482,-19.87,,,,,-17.989,11.773,0.5167,,False
exp2,xxh64-ints,HLL++,16384,4096,1.02,4178,,0.005794,0.005794,0.005343,0.0,7.782,,,,,0.0,-13.985,0.0,,False
exp2,xxh64-ints,HLL++,16384,4096,1.1,4506,,0.005727,0.005727,0.005727,0.0,-0.003,,,,,0.0,0.096,0.0,,False
exp2,xxh64-ints,HLL++,16384,8192,1.0,8192,,0.005952,0.004213,0.007157,29.214,-20.236,,,,,-18.337,13.128,0.4967,,False
exp2,xxh64-ints,HLL++,16384,8192,1.02,8356,,0.006125,0.006125,0.005638,0.0,7.955,,,,,0.0,-13.542,0.0,,False
exp2,xxh64-ints,HLL++,16384,8192,1.1,9011,,0.006095,0.006095,0.006097,0.0,-0.042,,,,,0.0,1.492,0.0,,False
exp2,xxh64-ints,HLL++,16384,16384,1.0,16384,,0.007532,0.004937,0.007375,34.445,2.085,,,,,-26.548,-1.553,0.5013,,False
exp2,xxh64-ints,HLL++,16384,16384,1.02,16712,,0.007597,0.007597,0.006901,0.0,9.167,,,,,0.0,-21.226,0.0,,False
exp2,xxh64-ints,HLL++,16384,16384,1.1,18022,,0.007646,0.007646,0.007649,0.0,-0.04,,,,,0.0,1.813,0.0,,False
exp2,xxh64-ints,HLL++,16384,32768,1.0,32768,,0.006566,0.004175,0.007009,36.417,-6.755,,,,,-19.052,3.783,0.5407,,False
exp2,xxh64-ints,HLL++,16384,32768,1.02,33423,,0.006423,0.006418,0.005763,0.072,10.269,,,,,-1.042,-13.994,0.0013,,False
exp2,xxh64-ints,HLL++,16384,32768,1.1,36045,,0.006392,0.006392,0.006401,0.0,-0.144,,,,,0.0,5.425,0.0,,False
exp2,xxh64-ints,HLL++,16384,65536,1.0,65536,,0.007297,0.004596,0.007172,37.022,1.715,,,,,-17.963,-0.897,0.562,,False
exp2,xxh64-ints,HLL++,16384,65536,1.02,66847,,0.007031,0.006974,0.006191,0.798,11.942,,,,,-2.164,-12.826,0.0053,,False
exp2,xxh64-ints,HLL++,16384,65536,1.1,72090,,0.007232,0.007232,0.007241,0.0,-0.12,,,,,0.0,5.14,0.0,,False
exp2,xxh64-ints,HLL++,16384,131072,1.0,131072,,0.007675,0.005412,0.007758,29.483,-1.079,,,,,-17.432,0.661,0.4967,,False
exp2,xxh64-ints,HLL++,16384,131072,1.02,133693,,0.007622,0.007606,0.006925,0.213,9.145,,,,,-1.341,-13.782,0.002,,False
exp2,xxh64-ints,HLL++,16384,131072,1.1,144179,,0.007727,0.007727,0.007728,0.0,-0.012,,,,,0.0,0.553,0.0,,False
exp2,xxh64-ints,HLL++,16384,262144,1.0,262144,,0.00801,0.005139,0.007489,35.842,6.497,,,,,-18.363,-3.513,0.538,,False
exp2,xxh64-ints,HLL++,16384,262144,1.02,267387,,0.007976,0.007916,0.007023,0.755,11.948,,,,,-3.048,-14.345,0.01,,False
exp2,xxh64-ints,HLL++,16384,262144,1.1,288358,,0.007983,0.007983,0.007988,0.0,-0.069,,,,,0.0,3.213,0.0,,False
exp2,xxh64-ints,HLL++,16384,524288,1.0,524288,,0.007864,0.004704,0.007184,40.187,8.648,,,,,-19.394,-4.458,0.5593,,False
exp2,xxh64-ints,HLL++,16384,524288,1.02,534774,,0.007906,0.00783,0.006835,0.956,13.546,,,,,-2.904,-14.488,0.0107,,False
exp2,xxh64-ints,HLL++,16384,524288,1.1,576717,,0.007676,0.007676,0.00769,0.0,-0.181,,,,,0.0,8.296,0.0,,False
exp2,ideal,ideal,1024,51,1.0,51,,0.022527,0.017497,0.028402,22.328,-26.08,,,,,-26.404,26.342,0.642,,False
exp2,ideal,ideal,1024,51,1.02,52,,0.022094,0.020261,0.020792,8.294,5.892,,,,,-24.025,-5.718,0.278,,False
exp2,ideal,ideal,1024,51,1.1,56,,0.021502,0.021502,0.020942,0.0,2.607,,,,,0.0,-31.188,0.0,,False
exp2,ideal,ideal,1024,102,1.0,102,,0.022191,0.0158,0.027649,28.799,-24.598,,,,,-20.434,17.557,0.4613,,False
exp2,ideal,ideal,1024,102,1.02,104,,0.021892,0.018999,0.019845,13.213,9.352,,,,,-13.065,-6.161,0.262,,False
exp2,ideal,ideal,1024,102,1.1,112,,0.021891,0.021891,0.021095,0.0,3.637,,,,,0.0,-21.126,0.0,,False
exp2,ideal,ideal,1024,256,1.0,256,,0.023484,0.016649,0.028308,29.105,-20.538,,,,,-16.925,12.669,0.4913,,False
exp2,ideal,ideal,1024,256,1.02,261,,0.023107,0.019847,0.020891,14.109,9.587,,,,,-13.023,-6.326,0.1987,,False
exp2,ideal,ideal,1024,256,1.1,282,,0.023177,0.023177,0.0223,0.0,3.787,,,,,0.0,-13.988,0.0,,False
exp2,ideal,ideal,1024,512,1.0,512,,0.024446,0.017345,0.028513,29.048,-16.64,,,,,-17.137,10.372,0.536,,False
exp2,ideal,ideal,1024,512,1.02,522,,0.024025,0.020032,0.020905,16.618,12.984,,,,,-13.256,-7.878,0.2287,,False
exp2,ideal,ideal,1024,512,1.1,563,,0.023753,0.023753,0.022655,0.0,4.62,,,,,0.0,-12.706,0.0,,False
exp2,ideal,ideal,1024,1024,1.0,1024,,0.024539,0.017008,0.028233,30.689,-15.052,,,,,-17.882,9.275,0.5133,,False
exp2,ideal,ideal,1024,1024,1.02,1044,,0.025307,0.020656,0.021263,18.38,15.981,,,,,-12.701,-8.981,0.1953,,False
exp2,ideal,ideal,1024,1024,1.1,1126,,0.024685,0.024685,0.02339,0.0,5.246,,,,,0.0,-12.343,0.0,,False
exp2,ideal,ideal,1024,2048,1.0,2048,,0.025763,0.017115,0.028277,33.567,-9.756,,,,,-17.133,5.381,0.5093,,False
exp2,ideal,ideal,1024,2048,1.02,2089,,0.026186,0.020683,0.020893,21.016,20.214,,,,,-13.297,-10.533,0.246,,False
exp2,ideal,ideal,1024,2048,1.1,2253,,0.025485,0.025469,0.024065,0.065,5.574,,,,,-1.0,-10.629,0.0007,,False
exp2,ideal,ideal,1024,4096,1.0,4096,,0.029355,0.019338,0.029247,34.123,0.369,,,,,-17.499,-0.201,0.5167,,False
exp2,ideal,ideal,1024,4096,1.02,4178,,0.028797,0.022505,0.022696,21.847,21.185,,,,,-12.596,-10.654,0.25,,False
exp2,ideal,ideal,1024,4096,1.1,4506,,0.028712,0.028712,0.026886,0.0,6.359,,,,,0.0,-13.823,0.0,,False
exp2,ideal,ideal,1024,8192,1.0,8192,,0.030118,0.021525,0.030772,28.533,-2.17,,,,,-16.695,1.322,0.486,,False
exp2,ideal,ideal,1024,8192,1.02,8356,,0.0305,0.023804,0.024049,21.955,21.15,,,,,-13.068,-11.098,0.2373,,False
exp2,ideal,ideal,1024,8192,1.1,9011,,0.030014,0.029996,0.028387,0.061,5.421,,,,,-1.0,-11.983,0.0007,,False
exp2,ideal,ideal,1024,16384,1.0,16384,,0.031922,0.021251,0.030406,33.426,4.747,,,,,-17.244,-2.582,0.4947,,False
exp2,ideal,ideal,1024,16384,1.02,16712,,0.031639,0.023514,0.023336,25.68,26.242,,,,,-14.407,-13.013,0.2713,,False
exp2,ideal,ideal,1024,16384,1.1,18022,,0.032152,0.03211,0.030054,0.129,6.527,,,,,-1.0,-11.885,0.0007,,False
exp2,ideal,ideal,1024,32768,1.0,32768,,0.032264,0.021584,0.030525,33.103,5.39,,,,,-15.971,-2.773,0.5113,,False
exp2,ideal,ideal,1024,32768,1.02,33423,,0.032592,0.025902,0.025852,20.527,20.678,,,,,-13.183,-11.785,0.2527,,False
exp2,ideal,ideal,1024,32768,1.1,36045,,0.03201,0.031978,0.030165,0.101,5.765,,,,,-1.805,-11.435,0.0027,,False
exp2,ideal,ideal,4096,205,1.0,205,,0.011245,0.008492,0.014377,24.483,-27.858,,,,,-19.672,21.831,0.5967,,False
exp2,ideal,ideal,4096,205,1.02,209,,0.011027,0.010884,0.008886,1.304,19.415,,,,,-5.358,-16.44,0.0373,,False
exp2,ideal,ideal,4096,205,1.1,226,,0.011243,0.011243,0.011253,0.0,-0.086,,,,,0.0,1.424,0.0,,False
exp2,ideal,ideal,4096,410,1.0,410,,0.010855,0.007851,0.014067,27.669,-29.592,,,,,-19.114,20.748,0.4753,,False
exp2,ideal,ideal,4096,410,1.02,418,,0.011109,0.01083,0.008876,2.506,20.098,,,,,-5.316,-14.958,0.0327,,False
exp2,ideal,ideal,4096,410,1.1,451,,0.011215,0.011215,0.011218,0.0,-0.023,,,,,0.0,0.385,0.0,,False
exp2,ideal,ideal,4096,1024,1.0,1024,,0.011496,0.008398,0.014377,26.942,-25.068,,,,,-18.327,17.372,0.4767,,False
exp2,ideal,ideal,4096,1024,1.02,1044,,0.01142,0.011137,0.009138,2.477,19.982,,,,,-5.729,-15.265,0.036,,False
exp2,ideal,ideal,4096,1024,1.1,1126,,0.011587,0.011587,0.011605,0.0,-0.151,,,,,0.0,2.581,0.0,,False
exp2,ideal,ideal,4096,2048,1.0,2048,,0.012195,0.008705,0.014515,28.62,-19.03,,,,,-17.038,11.909,0.4827,,False
exp2,ideal,ideal,4096,2048,1.02,2089,,0.01212,0.01146,0.009243,5.444,23.736,,,,,-7.024,-14.861,0.0587,,False
exp2,ideal,ideal,4096,2048,1.1,2253,,0.01184,0.01184,0.01185,0.0,-0.083,,,,,0.0,1.451,0.0,,False
exp2,ideal,ideal,4096,4096,1.0,4096,,0.012503,0.00863,0.014434,30.977,-15.442,,,,,-17.323,9.218,0.4713,,False
exp2,ideal,ideal,4096,4096,1.02,4178,,0.013023,0.012278,0.010019,5.719,23.066,,,,,-6.789,-15.585,0.042,,False
exp2,ideal,ideal,4096,4096,1.1,4506,,0.012694,0.012694,0.012703,0.0,-0.07,,,,,0.0,1.313,0.0,,False
exp2,ideal,ideal,4096,8192,1.0,8192,,0.013157,0.008796,0.01436,33.141,-9.15,,,,,-17.736,5.236,0.528,,False
exp2,ideal,ideal,4096,8192,1.02,8356,,0.012781,0.01203,0.009556,5.876,25.23,,,,,-7.024,-15.871,0.0627,,False
exp2,ideal,ideal,4096,8192,1.1,9011,,0.013547,0.013547,0.01357,0.0,-0.166,,,,,0.0,3.316,0.0,,False
exp2,ideal,ideal,4096,16384,1.0,16384,,0.014279,0.009653,0.014823,32.398,-3.811,,,,,-18.079,2.236,0.512,,False
exp2,ideal,ideal,4096,16384,1.02,16712,,0.014893,0.013371,0.010565,10.223,29.062,,,,,-9.204,-16.775,0.1047,,False
exp2,ideal,ideal,4096,16384,1.1,18022,,0.014582,0.014582,0.014603,0.0,-0.143,,,,,0.0,3.1,0.0,,False
exp2,ideal,ideal,4096,32768,1.0,32768,,0.014713,0.01056,0.015436,28.226,-4.912,,,,,-17.195,3.1,0.4827,,False
exp2,ideal,ideal,4096,32768,1.02,33423,,0.015161,0.01396,0.011843,7.917,21.885,,,,,-7.826,-14.499,0.0867,,False
exp2,ideal,ideal,4096,32768,1.1,36045,,0.014883,0.014883,0.01489,0.0,-0.043,,,,,0.0,0.957,0.0,,False
exp2,ideal,ideal,4096,65536,1.0,65536,,0.015941,0.011292,0.015822,29.159,0.742,,,,,-16.183,-0.432,0.4913,,False
exp2,ideal,ideal,4096,65536,1.02,66847,,0.015828,0.014431,0.012046,8.825,23.895,,,,,-8.343,-15.491,0.1067,,False
exp2,ideal,ideal,4096,65536,1.1,72090,,0.015487,0.015487,0.015473,0.0,0.091,,,,,0.0,-2.1,0.0,,False
exp2,ideal,ideal,4096,131072,1.0,131072,,0.015623,0.011089,0.015648,29.025,-0.158,,,,,-18.452,0.103,0.5007,,False
exp2,ideal,ideal,4096,131072,1.02,133693,,0.016102,0.014857,0.012448,7.731,22.69,,,,,-9.161,-16.905,0.1073,,False
exp2,ideal,ideal,4096,131072,1.1,144179,,0.015633,0.015633,0.015638,0.0,-0.03,,,,,0.0,0.702,0.0,,False
exp2,ideal,ideal,16384,819,1.0,819,,0.005477,0.003992,0.007082,27.105,-29.297,,,,,-17.568,19.649,0.5327,,False
exp2,ideal,ideal,16384,819,1.02,835,,0.005565,0.005565,0.005148,0.0,7.496,,,,,0.0,-17.193,0.0,,False
exp2,ideal,ideal,16384,819,1.1,901,,0.005806,0.005806,0.005808,0.0,-0.023,,,,,0.0,0.787,0.0,,False
exp2,ideal,ideal,16384,1638,1.0,1638,,0.005573,0.004156,0.007157,25.433,-28.418,,,,,-18.147,20.47,0.5173,,False
exp2,ideal,ideal,16384,1638,1.02,1671,,0.005687,0.005685,0.005243,0.04,7.812,,,,,-1.0,-14.345,0.0007,,False
exp2,ideal,ideal,16384,1638,1.1,1802,,0.005537,0.005537,0.005537,0.0,-0.002,,,,,0.0,0.051,0.0,,False
exp2,ideal,ideal,16384,4096,1.0,4096,,0.005895,0.004098,0.007059,30.495,-19.743,,,,,-17.782,12.18,0.518,,False
exp2,ideal,ideal,16384,4096,1.02,4178,,0.005603,0.005603,0.005173,0.0,7.664,,,,,0.0,-15.461,0.0,,False
exp2,ideal,ideal,16384,4096,1.1,4506,,0.005918,0.005918,0.005919,0.0,-0.012,,,,,0.0,0.408,0.0,,False
exp2,ideal,ideal,16384,8192,1.0,8192,,0.005896,0.004178,0.00713,29.133,-20.938,,,,,-17.376,13.159,0.5147,,False
exp2,ideal,ideal,16384,8192,1.02,8356,,0.0061,0.0061,0.005637,0.0,7.601,,,,,0.0,-14.477,0.0,,False
exp2,ideal,ideal,16384,8192,1.1,9011,,0.00598,0.00598,0.005979,0.0,0.009,,,,,0.0,-0.312,0.0,,False
exp2,ideal,ideal,16384,16384,1.0,16384,,0.007598,0.005103,0.007484,32.838,1.5,,,,,-26.626,-1.163,0.494,,False
exp2,ideal,ideal,16384,16384,1.02,16712,,0.007606,0.007604,0.006892,0.03,9.391,,,,,-1.091,-20.324,0.002,,False
exp2,ideal,ideal,16384,16384,1.1,18022,,0.007642,0.007642,0.007649,0.0,-0.089,,,,,0.0,4.012,0.0,,False
exp2,ideal,ideal,16384,32768,1.0,32768,,0.006695,0.004241,0.007059,36.656,-5.431,,,,,-17.909,2.88,0.526,,False
exp2,ideal,ideal,16384,32768,1.02,33423,,0.006465,0.006455,0.005838,0.156,9.69,,,,,-1.72,-13.641,0.0027,,False
exp2,ideal,ideal,16384,32768,1.1,36045,,0.006621,0.006621,0.006629,0.0,-0.126,,,,,0.0,4.906,0.0,,False
exp2,ideal,ideal,16384,65536,1.0,65536,,0.007237,0.004447,0.007082,38.556,2.144,,,,,-18.562,-1.114,0.5607,,False
exp2,ideal,ideal,16384,65536,1.02,66847,,0.007096,0.007059,0.006299,0.52,11.227,,,,,-1.728,-13.232,0.0033,,False
exp2,ideal,ideal,16384,65536,1.1,72090,,0.007448,0.007448,0.00746,0.0,-0.158,,,,,0.0,6.981,0.0,,False
exp2,ideal,ideal,16384,131072,1.0,131072,,0.007488,0.005074,0.007523,32.242,-0.458,,,,,-17.338,0.26,0.512,,False
exp2,ideal,ideal,16384,131072,1.02,133693,,0.007607,0.007582,0.00691,0.339,9.167,,,,,-2.75,-13.49,0.006,,False
exp2,ideal,ideal,16384,131072,1.1,144179,,0.007616,0.007616,0.007616,0.0,-0.008,,,,,0.0,0.364,0.0,,False
exp2,ideal,ideal,16384,262144,1.0,262144,,0.008007,0.005587,0.007845,30.227,2.029,,,,,-17.517,-1.219,0.4973,,False
exp2,ideal,ideal,16384,262144,1.02,267387,,0.007883,0.007868,0.007086,0.19,10.114,,,,,-1.578,-14.878,0.0033,,False
exp2,ideal,ideal,16384,262144,1.1,288358,,0.00794,0.00794,0.007943,0.0,-0.033,,,,,0.0,1.559,0.0,,False
exp2,ideal,ideal,16384,524288,1.0,524288,,0.007989,0.005783,0.007986,27.621,0.043,,,,,-17.266,-0.028,0.5047,,False
exp2,ideal,ideal,16384,524288,1.02,534774,,0.008024,0.007953,0.007162,0.881,10.739,,,,,-2.602,-12.835,0.008,,False
exp2,ideal,ideal,16384,524288,1.1,576717,,0.007841,0.007841,0.007843,0.0,-0.029,,,,,0.0,1.313,0.0,,False
exp3,hll_hip,HIP-martingale,1024,2000,1.0,2000,500,0.020802,0.01441,0.019447,30.729,6.515,27.625,33.88,3.365,9.846,-17.004,-3.751,0.502,,False
exp3,hll_hip,HIP-martingale,1024,2000,1.02,2040,500,0.020196,0.01778,0.015407,11.965,23.712,10.286,13.738,21.1,26.395,-11.771,-16.725,0.1653,,False
exp3,hll_hip,HIP-martingale,1024,2000,1.1,2200,500,0.02,0.02,0.019958,0.0,0.21,0.0,0.0,0.1,0.323,0.0,-3.485,0.0,,False
exp3,hll_hip,HIP-martingale,1024,2000,2.0,4000,500,0.019796,0.019796,0.019816,0.0,-0.102,0.0,0.0,-0.199,-0.005,0.0,2.018,0.0,,False
exp3,hll_hip,HIP-martingale,1024,8000,1.0,8000,500,0.023403,0.016057,0.023288,31.389,0.491,28.32,34.694,-2.897,3.942,-17.338,-0.284,0.5007,,False
exp3,hll_hip,HIP-martingale,1024,8000,1.02,8160,500,0.023633,0.019725,0.018111,16.538,23.366,14.38,18.714,20.547,26.157,-12.355,-13.878,0.1913,,False
exp3,hll_hip,HIP-martingale,1024,8000,1.1,8800,500,0.023983,0.023983,0.023582,0.0,1.672,0.0,0.0,1.327,2.078,0.0,-7.377,0.0,,False
exp3,hll_hip,HIP-martingale,1024,8000,2.0,16000,500,0.023568,0.023568,0.023591,0.0,-0.096,0.0,0.0,-0.226,0.033,0.0,1.417,0.0,,False
exp3,hll_hip,HIP-martingale,1024,32000,1.0,32000,500,0.025498,0.01824,0.024275,28.464,4.798,25.523,31.611,1.981,7.666,-16.997,-2.955,0.5093,,False
exp3,hll_hip,HIP-martingale,1024,32000,1.02,32640,500,0.026267,0.021714,0.01995,17.333,24.052,14.955,19.67,21.199,26.912,-12.417,-14.494,0.2127,,False
exp3,hll_hip,HIP-martingale,1024,32000,1.1,35200,500,0.025803,0.025803,0.025397,0.0,1.573,0.0,0.0,1.266,1.89,0.0,-8.246,0.0,,False
exp3,hll_hip,HIP-martingale,1024,32000,2.0,64000,500,0.025446,0.025446,0.02545,0.0,-0.016,0.0,0.0,-0.139,0.1,0.0,0.269,0.0,,False
exp3,cpc,CPC,1024,2000,1.0,2000,500,0.01419,0.009821,0.012951,30.785,8.732,27.614,33.99,5.731,11.887,-17.357,-5.086,0.5013,,False
exp3,cpc,CPC,1024,2000,1.02,2040,500,0.013369,0.012677,0.010629,5.176,20.497,3.793,6.657,18.312,22.73,-6.43,-16.087,0.0613,,False
exp3,cpc,CPC,1024,2000,1.1,2200,500,0.013491,0.013491,0.013493,0.0,-0.02,0.0,0.0,-0.079,0.041,0.0,0.656,0.0,,False
exp3,cpc,CPC,1024,2000,2.0,4000,500,0.013569,0.013569,0.013573,0.0,-0.029,0.0,0.0,-0.083,0.031,0.0,0.926,0.0,,False
exp3,cpc,CPC,1024,8000,1.0,8000,500,0.015625,0.011168,0.015022,28.524,3.858,25.581,31.822,0.744,6.896,-17.047,-2.379,0.5013,,False
exp3,cpc,CPC,1024,8000,1.02,8160,500,0.0155,0.014252,0.011985,8.051,22.675,6.54,9.565,20.297,25.046,-8.784,-16.274,0.1027,,False
exp3,cpc,CPC,1024,8000,1.1,8800,500,0.015573,0.015573,0.015569,0.0,0.025,0.0,0.0,-0.048,0.094,0.0,-0.678,0.0,,False
exp3,cpc,CPC,1024,8000,2.0,16000,500,0.015324,0.015324,0.015335,0.0,-0.072,0.0,0.0,-0.143,0.0,0.0,1.894,0.0,,False
exp3,cpc,CPC,1024,32000,1.0,32000,500,0.017752,0.012723,0.017301,28.327,2.538,25.187,31.733,-0.524,5.493,-17.625,-1.62,0.4927,,False
exp3,cpc,CPC,1024,32000,1.02,32640,500,0.017667,0.015645,0.013175,11.447,25.426,9.568,13.256,22.875,28.148,-10.23,-16.181,0.134,,False
exp3,cpc,CPC,1024,32000,1.1,35200,500,0.017186,0.017186,0.017172,0.0,0.077,0.0,0.0,-0.01,0.159,0.0,-1.73,0.0,,False
exp3,cpc,CPC,1024,32000,2.0,64000,500,0.017551,0.017551,0.017562,0.0,-0.061,0.0,0.0,-0.146,0.027,0.0,1.365,0.0,,False
exp4,xxh64-ints,HLL++,256,2048,1.0,2048,600,0.060204,0.041531,0.058852,31.017,2.247,28.219,33.904,-0.759,5.168,-18.543,-1.408,0.505,0.0,False
exp4,xxh64-ints,HLL++,256,2048,1.005,2058,600,0.059912,0.040877,0.056634,31.772,5.471,28.969,34.701,2.414,8.54,-17.525,-3.161,0.4389,0.085,False
exp4,xxh64-ints,HLL++,256,2048,1.01,2068,600,0.062145,0.041799,0.054994,32.739,11.507,29.591,35.936,8.051,14.807,-15.62,-5.754,0.4222,0.17,False
exp4,xxh64-ints,HLL++,256,2048,1.02,2089,600,0.06127,0.04367,0.0517,28.727,15.62,25.966,31.556,12.656,18.768,-16.41,-8.781,0.3594,0.34,False
exp4,xxh64-ints,HLL++,256,2048,1.03,2109,600,0.060037,0.044801,0.0483,25.378,19.55,22.95,27.701,16.76,22.505,-16.686,-11.774,0.3189,0.509,False
exp4,xxh64-ints,HLL++,256,2048,1.05,2150,600,0.060236,0.048674,0.044385,19.194,26.315,16.867,21.596,23.62,29.116,-12.979,-14.751,0.2089,0.849,False
exp4,xxh64-ints,HLL++,256,2048,1.07,2191,600,0.060137,0.052537,0.044172,12.637,26.548,10.823,14.566,24.066,29.25,-10.747,-16.358,0.1283,1.189,False
exp4,xxh64-ints,HLL++,256,2048,1.1,2253,600,0.062892,0.058134,0.045915,7.565,26.993,5.997,9.144,24.876,29.08,-8.31,-18.111,0.0717,1.698,False
exp4,xxh64-ints,HLL++,256,2048,1.15,2355,600,0.060692,0.0603,0.051029,0.646,15.921,0.239,1.179,14.704,17.102,-2.61,-18.57,0.0106,2.547,False
exp4,xxh64-ints,HLL++,256,2048,1.2,2458,600,0.058886,0.058876,0.054251,0.017,7.87,0.0,0.051,7.187,8.616,-1.057,-14.504,0.0011,3.396,False
exp4,xxh64-ints,HLL++,1024,8192,1.0,8192,600,0.031481,0.023461,0.032102,25.476,-1.972,22.933,28.239,-4.762,0.947,-17.392,1.388,0.4633,0.0,False
exp4,xxh64-ints,HLL++,1024,8192,1.005,8233,600,0.03013,0.022605,0.029409,24.974,2.392,22.225,27.686,-0.617,5.163,-16.66,-1.61,0.4044,0.159,False
exp4,xxh64-ints,HLL++,1024,8192,1.01,8274,600,0.031123,0.023868,0.028158,23.311,9.529,20.908,25.829,7.241,12.112,-17.793,-6.884,0.3456,0.318,False
exp4,xxh64-ints,HLL++,1024,8192,1.02,8356,600,0.031089,0.025517,0.025942,17.922,16.555,15.679,20.114,14.018,19.29,-13.692,-11.044,0.2228,0.635,False
exp4,xxh64-ints,HLL++,1024,8192,1.03,8438,600,0.030213,0.027102,0.024429,10.299,19.147,8.541,12.275,16.734,21.717,-9.466,-13.594,0.1461,0.953,False
exp4,xxh64-ints,HLL++,1024,8192,1.05,8602,600,0.030252,0.029309,0.024865,3.116,17.808,2.123,4.219,15.962,19.781,-5.593,-16.964,0.0378,1.588,False
exp4,xxh64-ints,HLL++,1024,8192,1.07,8765,600,0.031323,0.03108,0.027503,0.774,12.193,0.359,1.254,11.011,13.489,-3.423,-16.655,0.0094,2.223,False
exp4,xxh64-ints,HLL++,1024,8192,1.1,9011,600,0.031322,0.031244,0.029612,0.248,5.459,0.0,0.599,4.721,6.224,-1.499,-11.448,0.0017,3.176,False
exp4,xxh64-ints,HLL++,1024,8192,1.15,9421,600,0.030407,0.030407,0.030175,0.0,0.764,0.0,0.0,0.577,0.969,0.0,-7.022,0.0,4.765,False
exp4,xxh64-ints,HLL++,1024,8192,1.2,9830,600,0.031482,0.031482,0.031426,0.0,0.181,0.0,0.0,0.03,0.324,0.0,-2.362,0.0,6.353,False
exp4,xxh64-ints,HLL++,4096,32768,1.0,32768,600,0.015275,0.011609,0.016184,23.998,-5.954,21.518,26.543,-8.885,-2.992,-17.291,4.399,0.455,0.0,False
exp4,xxh64-ints,HLL++,4096,32768,1.005,32932,600,0.015413,0.011803,0.014168,23.421,8.08,20.939,25.866,5.257,10.835,-16.082,-5.364,0.3233,0.322,False
exp4,xxh64-ints,HLL++,4096,32768,1.01,33096,600,0.015018,0.01301,0.013441,13.373,10.501,11.344,15.409,8.307,12.714,-12.427,-8.274,0.1933,0.644,False
exp4,xxh64-ints,HLL++,4096,32768,1.02,33423,600,0.015681,0.014582,0.012742,7.008,18.745,5.58,8.324,16.714,21.01,-8.759,-15.537,0.0778,1.288,False
exp4,xxh64-ints,HLL++,4096,32768,1.03,33751,600,0.015708,0.015434,0.013417,1.742,14.584,1.031,2.556,13.123,16.137,-4.352,-16.471,0.02,1.932,False
exp4,xxh64-ints,HLL++,4096,32768,1.05,34406,600,0.015379,0.015379,0.014734,0.0,4.196,0.0,0.0,3.707,4.733,0.0,-13.051,0.0,3.219,False
exp4,xxh64-ints,HLL++,4096,32768,1.07,35062,600,0.014822,0.014822,0.014719,0.0,0.696,0.0,0.0,0.553,0.865,0.0,-7.646,0.0,4.507,False
exp4,xxh64-ints,HLL++,4096,32768,1.1,36045,600,0.015529,0.015529,0.01551,0.0,0.119,0.0,0.0,0.045,0.195,0.0,-3.037,0.0,6.438,False
exp4,xxh64-ints,HLL++,4096,32768,1.15,37683,600,0.015172,0.015172,0.015152,0.0,0.132,0.0,0.0,0.054,0.212,0.0,-3.225,0.0,9.658,False
exp4,xxh64-ints,HLL++,4096,32768,1.2,39322,600,0.015532,0.015532,0.015505,0.0,0.17,0.0,0.0,0.093,0.247,0.0,-4.267,0.0,12.877,False
exp4,xxh64-ints,HLL++,16384,131072,1.0,131072,600,0.007549,0.005194,0.007618,31.2,-0.919,28.394,34.077,-4.106,2.089,-18.895,0.584,0.5017,0.0,False
exp4,xxh64-ints,HLL++,16384,131072,1.005,131727,600,0.007648,0.00612,0.0062,19.971,18.935,17.854,22.263,16.229,21.558,-15.158,-12.326,0.2344,0.669,False
exp4,xxh64-ints,HLL++,16384,131072,1.01,132383,600,0.007667,0.007045,0.005902,8.111,23.018,6.714,9.643,20.597,25.358,-9.606,-17.425,0.0889,1.337,False
exp4,xxh64-ints,HLL++,16384,131072,1.02,133693,600,0.007615,0.007586,0.006842,0.388,10.157,0.076,0.903,9.129,11.28,-1.762,-14.623,0.0056,2.675,False
exp4,xxh64-ints,HLL++,16384,131072,1.03,135004,600,0.007578,0.007578,0.007441,0.0,1.805,0.0,0.0,1.552,2.094,0.0,-10.49,0.0,4.012,False
exp4,xxh64-ints,HLL++,16384,131072,1.05,137626,600,0.007649,0.007649,0.007651,0.0,-0.029,0.0,0.0,-0.069,0.011,0.0,1.436,0.0,6.687,False
exp4,xxh64-ints,HLL++,16384,131072,1.07,140247,600,0.007687,0.007687,0.007687,0.0,-0.002,0.0,0.0,-0.041,0.038,0.0,0.079,0.0,9.362,False
exp4,xxh64-ints,HLL++,16384,131072,1.1,144179,600,0.007679,0.007679,0.007679,0.0,-0.008,0.0,0.0,-0.049,0.033,0.0,0.414,0.0,13.374,False
exp4,xxh64-ints,HLL++,16384,131072,1.15,150733,600,0.007607,0.007607,0.007609,0.0,-0.022,0.0,0.0,-0.061,0.016,0.0,1.092,0.0,20.061,False
exp4,xxh64-ints,HLL++,16384,131072,1.2,157286,600,0.007477,0.007477,0.007477,0.0,0.008,0.0,0.0,-0.035,0.046,0.0,-0.388,0.0,26.748,False
exp4,ideal,ideal,256,2048,1.0,2048,600,0.060738,0.042023,0.059317,30.813,2.341,27.748,33.727,-0.864,5.621,-17.021,-1.373,0.4944,0.0,False
exp4,ideal,ideal,256,2048,1.005,2058,600,0.061867,0.043948,0.058693,28.964,5.131,26.24,31.806,2.074,8.017,-17.24,-3.159,0.4428,0.083,False
exp4,ideal,ideal,256,2048,1.01,2068,600,0.061752,0.042305,0.055243,31.492,10.54,28.578,34.584,7.205,13.758,-16.063,-5.592,0.425,0.166,False
exp4,ideal,ideal,256,2048,1.02,2089,600,0.061366,0.043271,0.05137,29.487,16.29,26.743,32.068,13.362,19.316,-17.046,-9.236,0.3689,0.332,False
exp4,ideal,ideal,256,2048,1.03,2109,600,0.0612,0.045802,0.04963,25.16,18.906,22.462,27.838,16.026,21.819,-14.919,-10.541,0.2917,0.498,False
exp4,ideal,ideal,256,2048,1.05,2150,600,0.060924,0.04904,0.045211,19.505,25.791,17.061,21.794,22.9,28.381,-12.863,-14.282,0.1989,0.829,False
exp4,ideal,ideal,256,2048,1.07,2191,600,0.061485,0.053196,0.044192,13.481,28.125,11.518,15.611,25.6,30.591,-10.452,-16.318,0.1361,1.161,False
exp4,ideal,ideal,256,2048,1.1,2253,600,0.060264,0.057125,0.045063,5.209,25.224,3.907,6.497,23.332,27.297,-6.87,-18.842,0.055,1.659,False
exp4,ideal,ideal,256,2048,1.15,2355,600,0.060952,0.060309,0.05149,1.055,15.524,0.444,1.741,14.202,16.841,-2.997,-16.692,0.0111,2.488,False
exp4,ideal,ideal,256,2048,1.2,2458,600,0.060282,0.060144,0.0555,0.228,7.933,0.0,0.691,7.162,8.808,-1.027,-13.713,0.0011,3.318,False
exp4,ideal,ideal,1024,8192,1.0,8192,600,0.031223,0.02084,0.030203,33.256,3.267,30.261,36.275,-0.205,6.554,-17.123,-1.807,0.5061,0.0,False
exp4,ideal,ideal,1024,8192,1.005,8233,600,0.030625,0.022087,0.028921,27.88,5.563,25.085,30.774,2.645,8.533,-17.413,-3.524,0.4172,0.163,False
exp4,ideal,ideal,1024,8192,1.01,8274,600,0.030513,0.022013,0.026582,27.857,12.881,25.344,30.602,9.896,15.789,-17.309,-7.785,0.3644,0.327,False
exp4,ideal,ideal,1024,8192,1.02,8356,600,0.031235,0.024507,0.024674,21.541,21.005,19.062,24.039,18.203,23.713,-14.331,-12.365,0.2394,0.654,False
exp4,ideal,ideal,1024,8192,1.03,8438,600,0.030659,0.02575,0.022344,16.011,27.12,14.043,17.928,24.495,29.862,-12.71,-16.397,0.1783,0.981,False
exp4,ideal,ideal,1024,8192,1.05,8602,600,0.03057,0.029079,0.023879,4.878,21.886,3.496,6.285,19.924,23.981,-6.104,-16.741,0.0506,1.635,False
exp4,ideal,ideal,1024,8192,1.07,8765,600,0.031144,0.030574,0.026177,1.829,15.948,1.066,2.625,14.509,17.395,-4.201,-16.063,0.0172,2.289,False
exp4,ideal,ideal,1024,8192,1.1,9011,600,0.030355,0.030293,0.0284,0.204,6.441,0.016,0.505,5.693,7.239,-1.485,-12.412,0.0022,3.27,False
exp4,ideal,ideal,1024,8192,1.15,9421,600,0.029722,0.029722,0.029556,0.0,0.56,0.0,0.0,0.372,0.758,0.0,-5.11,0.0,4.904,False
exp4,ideal,ideal,1024,8192,1.2,9830,600,0.030584,0.030584,0.030587,0.0,-0.009,0.0,0.0,-0.168,0.153,0.0,0.108,0.0,6.539,False
exp4,ideal,ideal,4096,32768,1.0,32768,600,0.015667,0.011062,0.01568,29.396,-0.083,26.564,32.147,-3.245,2.905,-17.909,0.053,0.4928,0.0,False
exp4,ideal,ideal,4096,32768,1.005,32932,600,0.014956,0.010977,0.013422,26.608,10.257,23.854,29.352,7.466,13.156,-16.431,-6.187,0.3533,0.326,False
exp4,ideal,ideal,4096,32768,1.01,33096,600,0.015263,0.012401,0.012532,18.749,17.892,16.628,20.904,15.252,20.367,-15.096,-12.21,0.2461,0.651,False
exp4,ideal,ideal,4096,32768,1.02,33423,600,0.015273,0.013995,0.011478,8.368,24.843,6.947,9.823,22.461,27.233,-9.887,-18.267,0.1033,1.302,False
exp4,ideal,ideal,4096,32768,1.03,33751,600,0.015293,0.014928,0.012674,2.39,17.124,1.644,3.245,15.48,18.885,-5.107,-16.736,0.0272,1.953,False
exp4,ideal,ideal,4096,32768,1.05,34406,600,0.015358,0.015358,0.014575,0.0,5.102,0.0,0.0,4.489,5.692,0.0,-12.838,0.0,3.256,False
exp4,ideal,ideal,4096,32768,1.07,35062,600,0.014758,0.014758,0.014677,0.0,0.549,0.0,0.0,0.443,0.664,0.0,-8.449,0.0,4.558,False
exp4,ideal,ideal,4096,32768,1.1,36045,600,0.015505,0.015505,0.01551,0.0,-0.033,0.0,0.0,-0.112,0.048,0.0,0.806,0.0,6.512,False
exp4,ideal,ideal,4096,32768,1.15,37683,600,0.015957,0.015957,0.015968,0.0,-0.066,0.0,0.0,-0.144,0.01,0.0,1.68,0.0,9.767,False
exp4,ideal,ideal,4096,32768,1.2,39322,600,0.015357,0.015357,0.015364,0.0,-0.044,0.0,0.0,-0.124,0.034,0.0,1.093,0.0,13.023,False
exp4,ideal,ideal,16384,131072,1.0,131072,600,0.007621,0.005444,0.007794,28.565,-2.261,25.584,31.4,-5.404,0.879,-17.262,1.438,0.4911,0.0,False
exp4,ideal,ideal,16384,131072,1.005,131727,600,0.007475,0.006159,0.00627,17.614,16.132,15.508,19.791,13.538,18.787,-14.296,-11.101,0.2361,0.673,False
exp4,ideal,ideal,16384,131072,1.01,132383,600,0.007646,0.007023,0.005911,8.142,22.689,6.755,9.529,20.539,25.106,-9.868,-17.292,0.0961,1.345,False
exp4,ideal,ideal,16384,131072,1.02,133693,600,0.00771,0.007661,0.006992,0.634,9.318,0.222,1.143,8.259,10.476,-2.538,-14.165,0.0061,2.69,False
exp4,ideal,ideal,16384,131072,1.03,135004,600,0.007478,0.007478,0.007381,0.0,1.3,0.0,0.0,1.125,1.499,0.0,-11.581,0.0,4.035,False
exp4,ideal,ideal,16384,131072,1.05,137626,600,0.007596,0.007596,0.007597,0.0,-0.002,0.0,0.0,-0.041,0.039,0.0,0.119,0.0,6.726,False
exp4,ideal,ideal,16384,131072,1.07,140247,600,0.007473,0.007473,0.007473,0.0,-0.004,0.0,0.0,-0.046,0.035,0.0,0.215,0.0,9.416,False
exp4,ideal,ideal,16384,131072,1.1,144179,600,0.007573,0.007573,0.007575,0.0,-0.031,0.0,0.0,-0.07,0.008,0.0,1.513,0.0,13.452,False
exp4,ideal,ideal,16384,131072,1.15,150733,600,0.007662,0.007662,0.007664,0.0,-0.022,0.0,0.0,-0.059,0.017,0.0,1.073,0.0,20.177,False
exp4,ideal,ideal,16384,131072,1.2,157286,600,0.007434,0.007434,0.007433,0.0,0.011,0.0,0.0,-0.03,0.052,0.0,-0.513,0.0,26.903,False
exp5,pypi_hll,HLL++ (real-world PyPI),16384,16384,1.0,16384,300,0.004871,0.003542,0.004933,27.276,-1.269,23.458,31.311,-5.515,2.775,-12.871,0.617,0.4844,,False
exp5,pypi_hll,HLL++ (real-world PyPI),16384,16384,1.01,16548,300,0.004871,0.004781,0.004178,1.857,14.225,0.867,2.993,12.145,16.351,-3.112,-11.054,0.0189,,False
exp5,pypi_hll,HLL++ (real-world PyPI),16384,16384,1.02,16712,300,0.004871,0.004871,0.004819,0.0,1.065,0.0,0.0,0.736,1.439,0.0,-5.359,0.0,,False
exp5,pypi_hll,HLL++ (real-world PyPI),16384,16384,1.03,16876,300,0.004871,0.004871,0.00487,0.0,0.026,0.0,0.0,-0.009,0.058,0.0,-1.494,0.0,,False
exp5,pypi_hll,HLL++ (real-world PyPI),16384,16384,1.05,17203,300,0.004871,0.004871,0.00487,0.0,0.016,0.0,0.0,-0.02,0.052,0.0,-0.898,0.0,,False
exp5,pypi_hll,HLL++ (real-world PyPI),16384,16384,1.1,18022,300,0.004871,0.004871,0.00487,0.0,0.016,0.0,0.0,-0.019,0.05,0.0,-0.898,0.0,,False
exp5,pypi_hll,HLL++ (real-world PyPI),16384,16384,1.2,19661,300,0.004871,0.004871,0.00487,0.0,0.016,0.0,0.0,-0.019,0.051,0.0,-0.898,0.0,,False
exp5,pypi_hll,HLL++ (real-world PyPI),16384,65536,1.0,65536,300,0.00547,0.004135,0.005575,24.401,-1.909,20.716,28.335,-5.576,2.129,-12.106,0.971,0.47,,False
exp5,pypi_hll,HLL++ (real-world PyPI),16384,65536,1.01,66191,300,0.00547,0.005326,0.004667,2.635,14.684,1.33,4.145,12.341,17.203,-3.333,-10.615,0.0267,,False
exp5,pypi_hll,HLL++ (real-world PyPI),16384,65536,1.02,66847,300,0.00547,0.00547,0.005369,0.0,1.851,0.0,0.0,1.289,2.535,0.0,-5.185,0.0,,False
exp5,pypi_hll,HLL++ (real-world PyPI),16384,65536,1.03,67502,300,0.00547,0.00547,0.005465,0.0,0.101,0.0,0.0,0.052,0.165,0.0,-3.078,0.0,,False
exp5,pypi_hll,HLL++ (real-world PyPI),16384,65536,1.05,68813,300,0.00547,0.00547,0.005468,0.0,0.044,0.0,0.0,0.007,0.079,0.0,-2.404,0.0,,False
exp5,pypi_hll,HLL++ (real-world PyPI),16384,65536,1.1,72090,300,0.00547,0.00547,0.005468,0.0,0.044,0.0,0.0,0.009,0.079,0.0,-2.404,0.0,,False
exp5,pypi_hll,HLL++ (real-world PyPI),16384,65536,1.2,78643,300,0.00547,0.00547,0.005468,0.0,0.044,0.0,0.0,0.007,0.081,0.0,-2.404,0.0,,False
exp5,pypi_hll,HLL++ (real-world PyPI),16384,262144,1.0,262144,300,0.005947,0.004355,0.005707,26.764,4.034,23.359,30.487,0.367,7.508,-14.404,-2.177,0.48,,False
exp5,pypi_hll,HLL++ (real-world PyPI),16384,262144,1.01,264765,300,0.005947,0.005797,0.004978,2.514,16.298,1.518,3.555,14.082,18.48,-4.487,-13.153,0.0422,,False
exp5,pypi_hll,HLL++ (real-world PyPI),16384,262144,1.02,267387,300,0.005947,0.005947,0.005831,0.0,1.953,0.0,0.0,1.577,2.345,0.0,-8.265,0.0,,False
exp5,pypi_hll,HLL++ (real-world PyPI),16384,262144,1.03,270008,300,0.005947,0.005947,0.005944,0.0,0.05,0.0,0.0,0.018,0.082,0.0,-2.974,0.0,,False
exp5,pypi_hll,HLL++ (real-world PyPI),16384,262144,1.05,275251,300,0.005947,0.005947,0.005946,0.0,0.015,0.0,0.0,-0.019,0.051,0.0,-0.853,0.0,,False
exp5,pypi_hll,HLL++ (real-world PyPI),16384,262144,1.1,288358,300,0.005947,0.005947,0.005946,0.0,0.015,0.0,0.0,-0.02,0.049,0.0,-0.853,0.0,,False
exp5,pypi_hll,HLL++ (real-world PyPI),16384,262144,1.2,314573,300,0.005947,0.005947,0.005946,0.0,0.015,0.0,0.0,-0.02,0.048,0.0,-0.853,0.0,,False
exp6,ull_fgra,UltraLogLog,1024,2000,1.0,2000,500,0.019204,0.01425,0.018916,25.796,1.497,23.011,28.85,-1.539,4.385,-16.761,-0.993,0.4727,,False
exp6,ull_fgra,UltraLogLog,1024,2000,1.02,2040,500,0.019204,0.01724,0.015077,10.223,21.489,8.5,12.005,19.075,24.016,-9.766,-15.123,0.144,,False
exp6,ull_fgra,UltraLogLog,1024,2000,1.1,2200,500,0.019204,0.019204,0.019171,0.0,0.173,0.0,0.0,0.074,0.266,0.0,-3.412,0.0,,False
exp6,ull_fgra,UltraLogLog,1024,2000,2.0,4000,500,0.019204,0.019204,0.019192,0.0,0.061,0.0,0.0,-0.032,0.148,0.0,-1.321,0.0,,False
exp6,ull_fgra,UltraLogLog,1024,8000,1.0,8000,500,0.022102,0.015583,0.02101,29.494,4.939,26.271,32.73,1.486,8.157,-15.939,-2.787,0.468,,False
exp6,ull_fgra,UltraLogLog,1024,8000,1.02,8160,500,0.022102,0.018618,0.016646,15.76,24.684,13.495,18.047,21.864,27.701,-11.048,-14.102,0.176,,False
exp6,ull_fgra,UltraLogLog,1024,8000,1.1,8800,500,0.022102,0.022102,0.021959,0.0,0.644,0.0,0.0,0.428,0.935,0.0,-4.502,0.0,,False
exp6,ull_fgra,UltraLogLog,1024,8000,2.0,16000,500,0.022102,0.022102,0.022103,0.0,-0.007,0.0,0.0,-0.108,0.089,0.0,0.146,0.0,,False
exp6,ull_fgra,UltraLogLog,1024,32000,1.0,32000,500,0.023882,0.016831,0.023441,29.524,1.846,26.645,32.55,-1.472,4.895,-16.777,-1.093,0.4847,,False
exp6,ull_fgra,UltraLogLog,1024,32000,1.02,32640,500,0.023882,0.019931,0.018256,16.543,23.559,14.323,18.766,20.803,26.506,-11.98,-13.822,0.2007,,False
exp6,ull_fgra,UltraLogLog,1024,32000,1.1,35200,500,0.023882,0.023882,0.02356,0.0,1.351,0.0,0.0,1.074,1.653,0.0,-7.454,0.0,,False
exp6,ull_fgra,UltraLogLog,1024,32000,2.0,64000,500,0.023882,0.023882,0.023895,0.0,-0.055,0.0,0.0,-0.177,0.071,0.0,0.861,0.0,,False
